Machine Module,SSA3050X-R
Y Axis Scale,LOG
Y Axis Unit,dBm
Impedance,50
Number of Points,751
Sweep Time(s),0.000000,Auto
Start Frequency,+2.697499434e+007
Stop Frequency,+2.702499434e+007
Average Type,Log Pwr
RBW,300.000000,Auto
VBW,3000.000000,Manual
Sweep Type,Continuous
Sweep Mode,Auto
Sweep Rule,Speed
PreAmp State,ON
Ref Level,-2.200000000e+001
Attenuation,28,Auto
Trigger Source,FreeRun
Trigger Level,+0.000000000e+000
Trigger Edge,FALL
Marker Information
Marker,Trace,Type,X Axis,Amplitude
1?2,A,Frequency,0 Hz,0.00 dB
Trace Math,0
Trace Variable X,Trace A
Trace Variable Y,Trace B
Trace Variable Z,Trace C
Trace Name,Trace A,Trace B
Trace Type,Max Hold,Max Hold
Trace Detector,Pos Peak,Pos Peak
Trace Data
2.697499e+007,-9.624040e+001,-9.308610e+001
2.697506e+007,-9.596602e+001,-9.308824e+001
2.697513e+007,-9.624994e+001,-9.336800e+001
2.697519e+007,-9.503049e+001,-9.242452e+001
2.697526e+007,-9.504978e+001,-9.191854e+001
2.697533e+007,-9.534751e+001,-9.222615e+001
2.697539e+007,-9.519734e+001,-9.325606e+001
2.697546e+007,-9.581276e+001,-9.451408e+001
2.697553e+007,-9.622747e+001,-9.552807e+001
2.697559e+007,-9.606370e+001,-9.503345e+001
2.697566e+007,-9.580303e+001,-9.465539e+001
2.697573e+007,-9.590809e+001,-9.416870e+001
2.697579e+007,-9.642997e+001,-9.333647e+001
2.697586e+007,-9.676225e+001,-9.358192e+001
2.697593e+007,-9.625127e+001,-9.369062e+001
2.697599e+007,-9.559356e+001,-9.251563e+001
2.697606e+007,-9.574427e+001,-9.111279e+001
2.697613e+007,-9.528658e+001,-9.071526e+001
2.697619e+007,-9.492668e+001,-9.107173e+001
2.697626e+007,-9.530589e+001,-9.073971e+001
2.697633e+007,-9.623090e+001,-8.920642e+001
2.697639e+007,-9.583176e+001,-8.830863e+001
2.697646e+007,-9.493553e+001,-8.793306e+001
2.697653e+007,-9.461573e+001,-8.789086e+001
2.697659e+007,-9.506092e+001,-8.813332e+001
2.697666e+007,-9.541318e+001,-8.855305e+001
2.697673e+007,-9.489742e+001,-8.930196e+001
2.697679e+007,-9.458036e+001,-9.049625e+001
2.697686e+007,-9.452366e+001,-9.224568e+001
2.697693e+007,-9.477580e+001,-9.344179e+001
2.697699e+007,-9.378275e+001,-9.076339e+001
2.697706e+007,-9.325293e+001,-8.960136e+001
2.697713e+007,-9.351715e+001,-8.988946e+001
2.697719e+007,-9.446498e+001,-9.186805e+001
2.697726e+007,-9.608519e+001,-9.307323e+001
2.697733e+007,-9.609130e+001,-9.373058e+001
2.697739e+007,-9.622759e+001,-9.464898e+001
2.697746e+007,-9.618290e+001,-9.351492e+001
2.697753e+007,-9.561180e+001,-9.207326e+001
2.697759e+007,-9.480066e+001,-9.112990e+001
2.697766e+007,-9.459829e+001,-9.089185e+001
2.697773e+007,-9.488683e+001,-9.175152e+001
2.697779e+007,-9.422623e+001,-9.284588e+001
2.697786e+007,-9.405948e+001,-9.360788e+001
2.697793e+007,-9.449528e+001,-9.310249e+001
2.697799e+007,-9.427037e+001,-9.211522e+001
2.697806e+007,-9.329063e+001,-9.138421e+001
2.697813e+007,-9.342790e+001,-9.175692e+001
2.697819e+007,-9.444068e+001,-9.301997e+001
2.697826e+007,-9.420150e+001,-9.334661e+001
2.697833e+007,-9.384101e+001,-9.246301e+001
2.697839e+007,-9.435660e+001,-9.086984e+001
2.697846e+007,-9.541903e+001,-9.045805e+001
2.697853e+007,-9.508197e+001,-9.084458e+001
2.697859e+007,-9.500647e+001,-9.187550e+001
2.697866e+007,-9.594863e+001,-9.329627e+001
2.697873e+007,-9.603241e+001,-9.258710e+001
2.697879e+007,-9.606290e+001,-9.174534e+001
2.697886e+007,-9.618078e+001,-9.227388e+001
2.697893e+007,-9.512718e+001,-9.223717e+001
2.697899e+007,-9.440455e+001,-9.289245e+001
2.697906e+007,-9.415691e+001,-9.354328e+001
2.697913e+007,-9.433033e+001,-9.222621e+001
2.697919e+007,-9.480913e+001,-9.183431e+001
2.697926e+007,-9.501188e+001,-9.223028e+001
2.697933e+007,-9.545370e+001,-9.184425e+001
2.697939e+007,-9.588191e+001,-9.197937e+001
2.697946e+007,-9.637276e+001,-9.231736e+001
2.697953e+007,-9.552545e+001,-9.232400e+001
2.697959e+007,-9.510647e+001,-9.231311e+001
2.697966e+007,-9.484598e+001,-9.201056e+001
2.697973e+007,-9.446824e+001,-9.176665e+001
2.697979e+007,-9.370189e+001,-9.028468e+001
2.697986e+007,-9.355794e+001,-8.919314e+001
2.697993e+007,-9.425831e+001,-8.839978e+001
2.697999e+007,-9.415095e+001,-8.838259e+001
2.698006e+007,-9.359987e+001,-8.865931e+001
2.698013e+007,-9.341552e+001,-8.815163e+001
2.698019e+007,-9.367497e+001,-8.768709e+001
2.698026e+007,-9.449680e+001,-8.770747e+001
2.698033e+007,-9.476179e+001,-8.829274e+001
2.698039e+007,-9.426204e+001,-8.928607e+001
2.698046e+007,-9.373136e+001,-9.034995e+001
2.698053e+007,-9.349539e+001,-9.078823e+001
2.698059e+007,-9.303119e+001,-9.068369e+001
2.698066e+007,-9.315080e+001,-9.003643e+001
2.698073e+007,-9.385369e+001,-8.963839e+001
2.698079e+007,-9.443756e+001,-8.943490e+001
2.698086e+007,-9.367851e+001,-8.953707e+001
2.698093e+007,-9.327061e+001,-8.992263e+001
2.698099e+007,-9.373247e+001,-9.047141e+001
2.698106e+007,-9.475828e+001,-9.035851e+001
2.698113e+007,-9.352958e+001,-9.026172e+001
2.698119e+007,-9.269321e+001,-9.021862e+001
2.698126e+007,-9.230939e+001,-9.021782e+001
2.698133e+007,-9.240426e+001,-9.006598e+001
2.698139e+007,-9.285104e+001,-8.961248e+001
2.698146e+007,-9.356970e+001,-8.795343e+001
2.698153e+007,-9.370274e+001,-8.697836e+001
2.698159e+007,-9.360089e+001,-8.658392e+001
2.698166e+007,-9.371216e+001,-8.670518e+001
2.698173e+007,-9.424224e+001,-8.730402e+001
2.698179e+007,-9.469108e+001,-8.848178e+001
2.698186e+007,-9.378682e+001,-9.002945e+001
2.698193e+007,-9.326951e+001,-9.046506e+001
2.698199e+007,-9.287351e+001,-8.885916e+001
2.698206e+007,-9.311526e+001,-8.749412e+001
2.698213e+007,-9.317459e+001,-8.657287e+001
2.698219e+007,-9.279846e+001,-8.631276e+001
2.698226e+007,-9.285346e+001,-8.660758e+001
2.698233e+007,-9.324228e+001,-8.741785e+001
2.698239e+007,-9.323910e+001,-8.882543e+001
2.698246e+007,-9.359366e+001,-8.906846e+001
2.698253e+007,-9.361982e+001,-8.734424e+001
2.698259e+007,-9.381115e+001,-8.675480e+001
2.698266e+007,-9.434798e+001,-8.688675e+001
2.698273e+007,-9.448713e+001,-8.761751e+001
2.698279e+007,-9.344861e+001,-8.819663e+001
2.698286e+007,-9.243031e+001,-8.825216e+001
2.698293e+007,-9.204961e+001,-8.847426e+001
2.698299e+007,-9.191954e+001,-8.974754e+001
2.698306e+007,-9.217673e+001,-9.107006e+001
2.698313e+007,-9.222989e+001,-9.079814e+001
2.698319e+007,-9.189402e+001,-9.030708e+001
2.698326e+007,-9.157163e+001,-8.918848e+001
2.698333e+007,-9.125993e+001,-8.842736e+001
2.698339e+007,-9.086425e+001,-8.837323e+001
2.698346e+007,-9.041233e+001,-8.843948e+001
2.698353e+007,-9.011156e+001,-8.852089e+001
2.698359e+007,-9.025404e+001,-8.839459e+001
2.698366e+007,-9.158997e+001,-8.820532e+001
2.698373e+007,-9.201454e+001,-8.793568e+001
2.698379e+007,-9.151479e+001,-8.758746e+001
2.698386e+007,-9.105370e+001,-8.719755e+001
2.698393e+007,-9.073250e+001,-8.690391e+001
2.698399e+007,-9.066869e+001,-8.681514e+001
2.698406e+007,-9.041056e+001,-8.468574e+001
2.698413e+007,-8.997558e+001,-8.238450e+001
2.698419e+007,-8.874676e+001,-8.036196e+001
2.698426e+007,-8.782131e+001,-7.908870e+001
2.698433e+007,-8.772455e+001,-7.881480e+001
2.698439e+007,-8.852108e+001,-7.983598e+001
2.698446e+007,-8.709477e+001,-8.274598e+001
2.698453e+007,-8.518369e+001,-8.406944e+001
2.698459e+007,-8.401345e+001,-8.312148e+001
2.698466e+007,-8.341383e+001,-8.209403e+001
2.698473e+007,-8.336042e+001,-7.929399e+001
2.698479e+007,-8.333638e+001,-7.822419e+001
2.698486e+007,-8.285716e+001,-7.838093e+001
2.698493e+007,-8.295670e+001,-7.923965e+001
2.698499e+007,-8.366208e+001,-8.005348e+001
2.698506e+007,-8.504804e+001,-7.985896e+001
2.698513e+007,-8.525048e+001,-7.821800e+001
2.698519e+007,-8.490304e+001,-7.648599e+001
2.698526e+007,-8.482343e+001,-7.559865e+001
2.698533e+007,-8.424449e+001,-7.584167e+001
2.698539e+007,-8.203376e+001,-7.704960e+001
2.698546e+007,-8.044509e+001,-7.907530e+001
2.698553e+007,-7.931942e+001,-7.931942e+001
2.698559e+007,-7.874042e+001,-7.874042e+001
2.698566e+007,-7.875987e+001,-7.875987e+001
2.698573e+007,-7.949075e+001,-7.949075e+001
2.698579e+007,-8.044708e+001,-7.939360e+001
2.698586e+007,-8.091747e+001,-7.768084e+001
2.698593e+007,-8.138047e+001,-7.581618e+001
2.698599e+007,-8.138073e+001,-7.424896e+001
2.698606e+007,-8.126867e+001,-7.314715e+001
2.698613e+007,-8.161389e+001,-7.284370e+001
2.698619e+007,-8.198758e+001,-7.353927e+001
2.698626e+007,-8.224935e+001,-7.395924e+001
2.698633e+007,-8.178520e+001,-7.349599e+001
2.698639e+007,-8.135800e+001,-7.359085e+001
2.698646e+007,-8.094397e+001,-7.423186e+001
2.698653e+007,-8.014025e+001,-7.541344e+001
2.698659e+007,-7.977617e+001,-7.694076e+001
2.698666e+007,-8.009617e+001,-7.851464e+001
2.698673e+007,-8.114397e+001,-7.818692e+001
2.698679e+007,-8.104731e+001,-7.473545e+001
2.698686e+007,-8.063808e+001,-7.137712e+001
2.698693e+007,-7.920182e+001,-7.070791e+001
2.698699e+007,-7.766945e+001,-7.117423e+001
2.698706e+007,-7.687611e+001,-7.296742e+001
2.698713e+007,-7.656974e+001,-7.625592e+001
2.698719e+007,-7.650583e+001,-7.587387e+001
2.698726e+007,-7.651215e+001,-7.487301e+001
2.698733e+007,-7.653362e+001,-7.451461e+001
2.698739e+007,-7.648221e+001,-7.483524e+001
2.698746e+007,-7.646985e+001,-7.558867e+001
2.698753e+007,-7.654800e+001,-7.344468e+001
2.698759e+007,-7.678992e+001,-7.118380e+001
2.698766e+007,-7.588195e+001,-7.067137e+001
2.698773e+007,-7.432385e+001,-7.114715e+001
2.698779e+007,-7.382604e+001,-7.181520e+001
2.698786e+007,-7.423035e+001,-7.096444e+001
2.698793e+007,-7.519850e+001,-7.036583e+001
2.698799e+007,-7.442616e+001,-7.103282e+001
2.698806e+007,-7.257005e+001,-7.229544e+001
2.698813e+007,-7.149122e+001,-7.149122e+001
2.698819e+007,-7.125657e+001,-6.915483e+001
2.698826e+007,-7.197583e+001,-6.786993e+001
2.698833e+007,-7.313992e+001,-6.765691e+001
2.698839e+007,-7.307840e+001,-6.857124e+001
2.698846e+007,-7.413527e+001,-7.026643e+001
2.698853e+007,-7.462845e+001,-7.287109e+001
2.698859e+007,-7.505948e+001,-7.163150e+001
2.698866e+007,-7.481973e+001,-6.978136e+001
2.698873e+007,-7.443926e+001,-6.852904e+001
2.698879e+007,-7.437322e+001,-6.789524e+001
2.698886e+007,-7.453862e+001,-6.792706e+001
2.698893e+007,-7.351769e+001,-6.853857e+001
2.698899e+007,-7.184469e+001,-6.892973e+001
2.698906e+007,-7.139191e+001,-6.552277e+001
2.698913e+007,-7.220567e+001,-6.375065e+001
2.698919e+007,-7.186251e+001,-6.326069e+001
2.698926e+007,-7.105373e+001,-6.428022e+001
2.698933e+007,-7.010425e+001,-6.699081e+001
2.698939e+007,-6.945000e+001,-6.886376e+001
2.698946e+007,-6.939763e+001,-6.717609e+001
2.698953e+007,-7.040057e+001,-6.633682e+001
2.698959e+007,-7.223293e+001,-6.631064e+001
2.698966e+007,-7.087209e+001,-6.718119e+001
2.698973e+007,-6.976599e+001,-6.449854e+001
2.698979e+007,-6.934283e+001,-6.172758e+001
2.698986e+007,-6.979199e+001,-5.951640e+001
2.698993e+007,-7.115286e+001,-5.812869e+001
2.698999e+007,-7.202341e+001,-5.758278e+001
2.699006e+007,-7.178758e+001,-5.787609e+001
2.699013e+007,-7.092783e+001,-5.898905e+001
2.699019e+007,-7.063103e+001,-6.081887e+001
2.699026e+007,-7.007517e+001,-6.325225e+001
2.699033e+007,-6.930359e+001,-6.608670e+001
2.699039e+007,-6.874569e+001,-6.603309e+001
2.699046e+007,-6.846341e+001,-6.574337e+001
2.699053e+007,-6.856047e+001,-6.638608e+001
2.699059e+007,-6.942980e+001,-6.727701e+001
2.699066e+007,-7.161935e+001,-6.605183e+001
2.699073e+007,-7.284225e+001,-6.484269e+001
2.699079e+007,-7.347496e+001,-6.423745e+001
2.699086e+007,-7.322459e+001,-6.409760e+001
2.699093e+007,-7.161057e+001,-6.438824e+001
2.699099e+007,-7.050223e+001,-6.483780e+001
2.699106e+007,-7.020078e+001,-6.508129e+001
2.699113e+007,-7.030472e+001,-6.493640e+001
2.699119e+007,-6.846950e+001,-6.434143e+001
2.699126e+007,-6.667431e+001,-6.382466e+001
2.699133e+007,-6.610699e+001,-6.361232e+001
2.699139e+007,-6.638952e+001,-6.406107e+001
2.699146e+007,-6.613109e+001,-6.549864e+001
2.699153e+007,-6.440937e+001,-6.440937e+001
2.699159e+007,-6.338965e+001,-6.338965e+001
2.699166e+007,-6.312462e+001,-6.312462e+001
2.699173e+007,-6.363662e+001,-6.363662e+001
2.699179e+007,-6.497424e+001,-6.497424e+001
2.699186e+007,-6.629002e+001,-6.629002e+001
2.699193e+007,-6.645820e+001,-6.645820e+001
2.699199e+007,-6.589103e+001,-6.589103e+001
2.699206e+007,-6.586541e+001,-6.470404e+001
2.699213e+007,-6.647268e+001,-6.281093e+001
2.699219e+007,-6.766816e+001,-6.155962e+001
2.699226e+007,-6.799681e+001,-6.102644e+001
2.699233e+007,-6.890041e+001,-6.120088e+001
2.699239e+007,-6.933061e+001,-6.210239e+001
2.699246e+007,-6.888982e+001,-6.339067e+001
2.699253e+007,-6.868380e+001,-6.323026e+001
2.699259e+007,-6.772325e+001,-6.379757e+001
2.699266e+007,-6.745207e+001,-6.436964e+001
2.699273e+007,-6.723388e+001,-6.454971e+001
2.699279e+007,-6.615270e+001,-6.446241e+001
2.699286e+007,-6.577041e+001,-6.457934e+001
2.699293e+007,-6.547412e+001,-6.501768e+001
2.699299e+007,-6.507778e+001,-6.507778e+001
2.699306e+007,-6.505501e+001,-6.505501e+001
2.699313e+007,-6.462313e+001,-6.462313e+001
2.699319e+007,-6.454093e+001,-6.454093e+001
2.699326e+007,-6.416897e+001,-6.416897e+001
2.699333e+007,-6.408506e+001,-6.408506e+001
2.699339e+007,-6.423772e+001,-6.423772e+001
2.699346e+007,-6.415630e+001,-6.415630e+001
2.699353e+007,-6.480117e+001,-6.480117e+001
2.699359e+007,-6.445206e+001,-6.445206e+001
2.699366e+007,-6.350341e+001,-6.350341e+001
2.699373e+007,-6.309711e+001,-6.258984e+001
2.699379e+007,-6.299938e+001,-6.139616e+001
2.699386e+007,-6.179100e+001,-6.046763e+001
2.699393e+007,-6.094423e+001,-5.976594e+001
2.699399e+007,-6.036030e+001,-5.908236e+001
2.699406e+007,-6.000591e+001,-5.835113e+001
2.699413e+007,-5.981887e+001,-5.751799e+001
2.699419e+007,-5.984468e+001,-5.682720e+001
2.699426e+007,-6.009588e+001,-5.636467e+001
2.699433e+007,-6.059586e+001,-5.628557e+001
2.699439e+007,-6.131847e+001,-5.660502e+001
2.699446e+007,-6.194852e+001,-5.724100e+001
2.699453e+007,-6.191270e+001,-5.806924e+001
2.699459e+007,-6.215143e+001,-5.873618e+001
2.699466e+007,-6.160895e+001,-5.925478e+001
2.699473e+007,-6.089891e+001,-5.958533e+001
2.699479e+007,-6.034586e+001,-5.953551e+001
2.699486e+007,-6.002759e+001,-5.949888e+001
2.699493e+007,-6.004582e+001,-5.993845e+001
2.699499e+007,-6.048532e+001,-6.048532e+001
2.699506e+007,-6.016174e+001,-6.016174e+001
2.699513e+007,-5.974391e+001,-5.974391e+001
2.699519e+007,-5.954908e+001,-5.954908e+001
2.699526e+007,-5.952473e+001,-5.952473e+001
2.699533e+007,-5.818609e+001,-5.818609e+001
2.699539e+007,-5.709668e+001,-5.709668e+001
2.699546e+007,-5.630233e+001,-5.630233e+001
2.699553e+007,-5.585755e+001,-5.585755e+001
2.699559e+007,-5.588660e+001,-5.588660e+001
2.699566e+007,-5.659644e+001,-5.659644e+001
2.699573e+007,-5.754144e+001,-5.598014e+001
2.699579e+007,-5.660370e+001,-5.395294e+001
2.699586e+007,-5.597425e+001,-5.237815e+001
2.699593e+007,-5.581761e+001,-5.123600e+001
2.699599e+007,-5.613027e+001,-5.071671e+001
2.699606e+007,-5.662124e+001,-5.058647e+001
2.699613e+007,-5.593589e+001,-4.918217e+001
2.699619e+007,-5.515238e+001,-4.766005e+001
2.699626e+007,-5.426655e+001,-4.629187e+001
2.699633e+007,-5.329213e+001,-4.507510e+001
2.699639e+007,-5.225858e+001,-4.401296e+001
2.699646e+007,-5.128427e+001,-4.308828e+001
2.699653e+007,-5.041855e+001,-4.229733e+001
2.699659e+007,-4.969851e+001,-4.163372e+001
2.699666e+007,-4.912032e+001,-4.108478e+001
2.699673e+007,-4.863108e+001,-4.066663e+001
2.699679e+007,-4.799861e+001,-4.038914e+001
2.699686e+007,-4.714059e+001,-4.027243e+001
2.699693e+007,-4.644066e+001,-4.033375e+001
2.699699e+007,-4.591555e+001,-4.058497e+001
2.699706e+007,-4.559327e+001,-4.104804e+001
2.699713e+007,-4.546958e+001,-4.048515e+001
2.699719e+007,-4.549582e+001,-3.998453e+001
2.699726e+007,-4.578187e+001,-3.956704e+001
2.699733e+007,-4.560177e+001,-3.898257e+001
2.699739e+007,-4.539121e+001,-3.831592e+001
2.699746e+007,-4.486718e+001,-3.760477e+001
2.699753e+007,-4.428443e+001,-3.707543e+001
2.699759e+007,-4.324582e+001,-3.672378e+001
2.699766e+007,-4.249805e+001,-3.658541e+001
2.699773e+007,-4.207097e+001,-3.661224e+001
2.699779e+007,-4.197599e+001,-3.676451e+001
2.699786e+007,-4.179728e+001,-3.701116e+001
2.699793e+007,-4.114650e+001,-3.734396e+001
2.699799e+007,-4.072805e+001,-3.784304e+001
2.699806e+007,-4.061351e+001,-3.856699e+001
2.699813e+007,-4.092526e+001,-3.962650e+001
2.699819e+007,-4.077536e+001,-3.983016e+001
2.699826e+007,-4.064782e+001,-3.941482e+001
2.699833e+007,-4.087690e+001,-3.893558e+001
2.699839e+007,-4.038223e+001,-3.886752e+001
2.699846e+007,-4.032837e+001,-3.970290e+001
2.699853e+007,-4.006691e+001,-3.956056e+001
2.699859e+007,-3.959828e+001,-3.844753e+001
2.699866e+007,-3.950279e+001,-3.759228e+001
2.699873e+007,-3.894422e+001,-3.704107e+001
2.699879e+007,-3.860894e+001,-3.679883e+001
2.699886e+007,-3.823442e+001,-3.441841e+001
2.699893e+007,-3.827092e+001,-3.270071e+001
2.699899e+007,-3.851257e+001,-3.164876e+001
2.699906e+007,-3.830868e+001,-3.127075e+001
2.699913e+007,-3.786626e+001,-3.157920e+001
2.699919e+007,-3.813938e+001,-3.258531e+001
2.699926e+007,-3.913745e+001,-3.421225e+001
2.699933e+007,-3.819358e+001,-3.628141e+001
2.699939e+007,-3.720304e+001,-3.687626e+001
2.699946e+007,-3.700998e+001,-3.649695e+001
2.699953e+007,-3.721914e+001,-3.595025e+001
2.699959e+007,-3.703933e+001,-3.320845e+001
2.699966e+007,-3.678039e+001,-3.070691e+001
2.699973e+007,-3.649139e+001,-2.895889e+001
2.699979e+007,-3.682079e+001,-2.798026e+001
2.699986e+007,-3.625924e+001,-2.768189e+001
2.699993e+007,-3.618241e+001,-2.800343e+001
2.699999e+007,-3.608415e+001,-2.883317e+001
2.700006e+007,-3.635802e+001,-3.006374e+001
2.700013e+007,-3.662873e+001,-3.182684e+001
2.700019e+007,-3.709799e+001,-3.394183e+001
2.700026e+007,-3.724418e+001,-3.345829e+001
2.700033e+007,-3.783310e+001,-3.416743e+001
2.700039e+007,-3.756989e+001,-3.557507e+001
2.700046e+007,-3.757174e+001,-3.504095e+001
2.700053e+007,-3.762725e+001,-3.517889e+001
2.700059e+007,-3.788013e+001,-3.604588e+001
2.700066e+007,-3.824458e+001,-3.795186e+001
2.700073e+007,-3.801068e+001,-3.754265e+001
2.700079e+007,-3.792296e+001,-3.636828e+001
2.700086e+007,-3.850529e+001,-3.635595e+001
2.700093e+007,-3.936401e+001,-3.711400e+001
2.700099e+007,-3.908581e+001,-3.774448e+001
2.700106e+007,-3.889826e+001,-3.788734e+001
2.700113e+007,-3.923045e+001,-3.715448e+001
2.700119e+007,-4.003237e+001,-3.704843e+001
2.700126e+007,-4.098970e+001,-3.646039e+001
2.700133e+007,-4.005659e+001,-3.597812e+001
2.700139e+007,-3.922211e+001,-3.568311e+001
2.700146e+007,-3.913333e+001,-3.554406e+001
2.700153e+007,-3.976107e+001,-3.490652e+001
2.700159e+007,-4.036631e+001,-3.474239e+001
2.700166e+007,-4.023879e+001,-3.474424e+001
2.700173e+007,-4.052838e+001,-3.418441e+001
2.700179e+007,-3.998784e+001,-3.428907e+001
2.700186e+007,-3.973783e+001,-3.492967e+001
2.700193e+007,-3.991919e+001,-3.626959e+001
2.700199e+007,-4.049949e+001,-3.823888e+001
2.700206e+007,-4.116018e+001,-3.863287e+001
2.700213e+007,-4.127922e+001,-3.795450e+001
2.700219e+007,-4.125676e+001,-3.751862e+001
2.700226e+007,-4.130183e+001,-3.741254e+001
2.700233e+007,-4.164064e+001,-3.742325e+001
2.700239e+007,-4.222531e+001,-3.743433e+001
2.700246e+007,-4.302667e+001,-3.741677e+001
2.700253e+007,-4.400834e+001,-3.737744e+001
2.700259e+007,-4.494268e+001,-3.744855e+001
2.700266e+007,-4.509253e+001,-3.766300e+001
2.700273e+007,-4.539941e+001,-3.808296e+001
2.700279e+007,-4.557622e+001,-3.869547e+001
2.700286e+007,-4.555528e+001,-3.946167e+001
2.700293e+007,-4.568051e+001,-4.032661e+001
2.700299e+007,-4.612702e+001,-4.123902e+001
2.700306e+007,-4.688880e+001,-4.220322e+001
2.700313e+007,-4.798041e+001,-4.321356e+001
2.700319e+007,-4.883752e+001,-4.432094e+001
2.700326e+007,-4.952076e+001,-4.552277e+001
2.700333e+007,-5.024368e+001,-4.681466e+001
2.700339e+007,-5.097633e+001,-4.812664e+001
2.700346e+007,-5.170165e+001,-4.877060e+001
2.700353e+007,-5.222523e+001,-4.919799e+001
2.700359e+007,-5.261826e+001,-4.951111e+001
2.700366e+007,-5.310541e+001,-4.980603e+001
2.700373e+007,-5.374736e+001,-5.014274e+001
2.700379e+007,-5.464377e+001,-5.063166e+001
2.700386e+007,-5.459215e+001,-5.131993e+001
2.700393e+007,-5.424724e+001,-5.224071e+001
2.700399e+007,-5.429251e+001,-5.345112e+001
2.700406e+007,-5.471066e+001,-5.471066e+001
2.700413e+007,-5.549034e+001,-5.549034e+001
2.700419e+007,-5.661275e+001,-5.661275e+001
2.700426e+007,-5.819016e+001,-5.772692e+001
2.700433e+007,-6.051013e+001,-5.727258e+001
2.700439e+007,-6.024285e+001,-5.707495e+001
2.700446e+007,-6.012490e+001,-5.755871e+001
2.700453e+007,-6.055083e+001,-5.426877e+001
2.700459e+007,-6.145636e+001,-5.248403e+001
2.700466e+007,-6.072556e+001,-5.136151e+001
2.700473e+007,-5.978608e+001,-5.085676e+001
2.700479e+007,-5.919331e+001,-5.081688e+001
2.700486e+007,-5.874825e+001,-5.141754e+001
2.700493e+007,-5.843276e+001,-5.282617e+001
2.700499e+007,-6.100095e+001,-5.754470e+001
2.700506e+007,-5.947375e+001,-5.947375e+001
2.700513e+007,-5.909643e+001,-5.863854e+001
2.700519e+007,-6.109300e+001,-6.018645e+001
2.700526e+007,-6.122801e+001,-6.093706e+001
2.700533e+007,-6.145572e+001,-6.145572e+001
2.700539e+007,-6.179320e+001,-6.179320e+001
2.700546e+007,-6.227308e+001,-6.217118e+001
2.700553e+007,-6.294664e+001,-6.219560e+001
2.700559e+007,-6.370594e+001,-6.199628e+001
2.700566e+007,-6.249413e+001,-6.182150e+001
2.700573e+007,-6.200839e+001,-6.194329e+001
2.700579e+007,-6.229464e+001,-6.177092e+001
2.700586e+007,-6.146704e+001,-6.129275e+001
2.700593e+007,-6.151759e+001,-6.151759e+001
2.700599e+007,-6.243521e+001,-6.243521e+001
2.700606e+007,-6.418848e+001,-6.283516e+001
2.700613e+007,-6.465687e+001,-6.193709e+001
2.700619e+007,-6.418805e+001,-6.107633e+001
2.700626e+007,-6.392067e+001,-6.049354e+001
2.700633e+007,-6.403782e+001,-6.032990e+001
2.700639e+007,-6.302545e+001,-6.060244e+001
2.700646e+007,-6.197077e+001,-6.135507e+001
2.700653e+007,-6.197863e+001,-6.156015e+001
2.700659e+007,-6.086092e+001,-6.057567e+001
2.700666e+007,-6.047642e+001,-6.013588e+001
2.700673e+007,-6.133201e+001,-5.989376e+001
2.700679e+007,-6.342430e+001,-5.980321e+001
2.700686e+007,-6.329157e+001,-5.993030e+001
2.700693e+007,-6.385402e+001,-6.038842e+001
2.700699e+007,-6.483389e+001,-6.030730e+001
2.700706e+007,-6.605384e+001,-6.132784e+001
2.700713e+007,-6.660053e+001,-6.341439e+001
2.700719e+007,-6.674700e+001,-6.556239e+001
2.700726e+007,-6.662407e+001,-6.555886e+001
2.700733e+007,-6.642774e+001,-6.518303e+001
2.700739e+007,-6.623292e+001,-6.477782e+001
2.700746e+007,-6.582186e+001,-6.443525e+001
2.700753e+007,-6.607271e+001,-6.423325e+001
2.700759e+007,-6.652977e+001,-6.416990e+001
2.700766e+007,-6.702347e+001,-6.401861e+001
2.700773e+007,-6.779017e+001,-6.360765e+001
2.700779e+007,-6.757234e+001,-6.263305e+001
2.700786e+007,-6.716624e+001,-6.150094e+001
2.700793e+007,-6.524797e+001,-6.045623e+001
2.700799e+007,-6.392383e+001,-5.999631e+001
2.700806e+007,-6.344018e+001,-6.024692e+001
2.700813e+007,-6.368873e+001,-6.126420e+001
2.700819e+007,-6.440631e+001,-6.268452e+001
2.700826e+007,-6.565726e+001,-6.340642e+001
2.700833e+007,-6.776384e+001,-6.397043e+001
2.700839e+007,-6.757262e+001,-6.385262e+001
2.700846e+007,-6.818535e+001,-6.356163e+001
2.700853e+007,-6.971123e+001,-6.324321e+001
2.700859e+007,-7.170387e+001,-6.306317e+001
2.700866e+007,-7.259784e+001,-6.324454e+001
2.700873e+007,-7.283626e+001,-6.376151e+001
2.700879e+007,-7.232499e+001,-6.377913e+001
2.700886e+007,-7.142439e+001,-6.400504e+001
2.700893e+007,-7.122385e+001,-6.432098e+001
2.700899e+007,-7.030320e+001,-6.444020e+001
2.700906e+007,-6.978058e+001,-6.444332e+001
2.700913e+007,-6.971823e+001,-6.488922e+001
2.700919e+007,-6.869349e+001,-6.609290e+001
2.700926e+007,-6.697844e+001,-6.697844e+001
2.700933e+007,-6.589137e+001,-6.589137e+001
2.700939e+007,-6.537437e+001,-6.537437e+001
2.700946e+007,-6.540451e+001,-6.540451e+001
2.700953e+007,-6.599425e+001,-6.599425e+001
2.700959e+007,-6.652544e+001,-6.652544e+001
2.700966e+007,-6.641820e+001,-6.641820e+001
2.700973e+007,-6.675202e+001,-6.675202e+001
2.700979e+007,-6.755780e+001,-6.755780e+001
2.700986e+007,-6.886931e+001,-6.886931e+001
2.700993e+007,-7.064973e+001,-6.871278e+001
2.700999e+007,-7.007399e+001,-6.840544e+001
2.701006e+007,-7.074944e+001,-6.873406e+001
2.701013e+007,-7.166062e+001,-6.975114e+001
2.701019e+007,-7.243594e+001,-7.145475e+001
2.701026e+007,-7.387786e+001,-7.147162e+001
2.701033e+007,-7.280147e+001,-6.874146e+001
2.701039e+007,-7.187154e+001,-6.459325e+001
2.701046e+007,-7.152503e+001,-5.952015e+001
2.701053e+007,-7.176883e+001,-5.626982e+001
2.701059e+007,-7.268768e+001,-5.410898e+001
2.701066e+007,-7.279340e+001,-5.300321e+001
2.701073e+007,-7.218544e+001,-5.287627e+001
2.701079e+007,-7.179578e+001,-5.370226e+001
2.701086e+007,-7.205355e+001,-5.545868e+001
2.701093e+007,-7.240098e+001,-5.810552e+001
2.701099e+007,-7.240813e+001,-6.192995e+001
2.701106e+007,-7.285069e+001,-6.740893e+001
2.701113e+007,-7.377464e+001,-7.377464e+001
2.701119e+007,-7.511776e+001,-7.414681e+001
2.701126e+007,-7.477654e+001,-7.427635e+001
2.701133e+007,-7.312448e+001,-7.304591e+001
2.701139e+007,-7.233056e+001,-7.159629e+001
2.701146e+007,-7.236707e+001,-6.948316e+001
2.701153e+007,-7.339788e+001,-6.856554e+001
2.701159e+007,-7.452319e+001,-6.824134e+001
2.701166e+007,-7.422790e+001,-6.841494e+001
2.701173e+007,-7.358429e+001,-6.895555e+001
2.701179e+007,-7.300087e+001,-6.981092e+001
2.701186e+007,-7.289614e+001,-7.105673e+001
2.701193e+007,-7.340349e+001,-7.274974e+001
2.701199e+007,-7.317780e+001,-7.317780e+001
2.701206e+007,-7.311239e+001,-7.311239e+001
2.701213e+007,-7.319510e+001,-7.319510e+001
2.701219e+007,-7.344981e+001,-7.344981e+001
2.701226e+007,-7.393775e+001,-7.393775e+001
2.701233e+007,-7.465251e+001,-7.465251e+001
2.701239e+007,-7.508530e+001,-7.508530e+001
2.701246e+007,-7.427802e+001,-7.427802e+001
2.701253e+007,-7.424570e+001,-7.424570e+001
2.701259e+007,-7.483775e+001,-7.399249e+001
2.701266e+007,-7.613615e+001,-7.393060e+001
2.701273e+007,-7.830711e+001,-7.437469e+001
2.701279e+007,-7.837115e+001,-7.531967e+001
2.701286e+007,-7.834021e+001,-7.686296e+001
2.701293e+007,-7.820900e+001,-7.820900e+001
2.701299e+007,-7.815551e+001,-7.815551e+001
2.701306e+007,-7.809022e+001,-7.809022e+001
2.701313e+007,-7.831095e+001,-7.831095e+001
2.701319e+007,-7.897579e+001,-7.826939e+001
2.701326e+007,-7.931310e+001,-7.651401e+001
2.701333e+007,-7.679661e+001,-7.502191e+001
2.701339e+007,-7.510335e+001,-7.412742e+001
2.701346e+007,-7.396053e+001,-7.393054e+001
2.701353e+007,-7.336564e+001,-7.336564e+001
2.701359e+007,-7.326044e+001,-7.326044e+001
2.701366e+007,-7.361014e+001,-7.361014e+001
2.701373e+007,-7.437557e+001,-7.437557e+001
2.701379e+007,-7.551418e+001,-7.551418e+001
2.701386e+007,-7.694573e+001,-7.694573e+001
2.701393e+007,-7.846010e+001,-7.796558e+001
2.701399e+007,-7.931015e+001,-7.732814e+001
2.701406e+007,-7.975851e+001,-7.737482e+001
2.701413e+007,-8.064698e+001,-7.765759e+001
2.701419e+007,-8.175195e+001,-7.819019e+001
2.701426e+007,-8.180563e+001,-7.890475e+001
2.701433e+007,-8.156042e+001,-8.000985e+001
2.701439e+007,-8.190239e+001,-8.017183e+001
2.701446e+007,-8.280959e+001,-7.985871e+001
2.701453e+007,-8.429599e+001,-8.046584e+001
2.701459e+007,-8.498539e+001,-8.144742e+001
2.701466e+007,-8.297314e+001,-8.208070e+001
2.701473e+007,-8.211033e+001,-8.211033e+001
2.701479e+007,-8.231998e+001,-8.231998e+001
2.701486e+007,-8.350166e+001,-8.233525e+001
2.701493e+007,-8.554172e+001,-8.222540e+001
2.701499e+007,-8.696345e+001,-8.093102e+001
2.701506e+007,-8.725075e+001,-8.034609e+001
2.701513e+007,-8.742079e+001,-8.023617e+001
2.701519e+007,-8.690401e+001,-8.029055e+001
2.701526e+007,-8.681857e+001,-8.072258e+001
2.701533e+007,-8.724740e+001,-8.176378e+001
2.701539e+007,-8.840255e+001,-8.333563e+001
2.701546e+007,-8.805637e+001,-8.440168e+001
2.701553e+007,-8.706782e+001,-8.476834e+001
2.701559e+007,-8.656113e+001,-8.462358e+001
2.701566e+007,-8.613988e+001,-8.419533e+001
2.701573e+007,-8.645245e+001,-8.424099e+001
2.701579e+007,-8.701865e+001,-8.489304e+001
2.701586e+007,-8.751258e+001,-8.562735e+001
2.701593e+007,-8.764217e+001,-8.589383e+001
2.701599e+007,-8.728667e+001,-8.665595e+001
2.701606e+007,-8.696706e+001,-8.625302e+001
2.701613e+007,-8.687438e+001,-8.687438e+001
2.701619e+007,-8.732122e+001,-8.668592e+001
2.701626e+007,-8.809792e+001,-8.658928e+001
2.701633e+007,-8.907912e+001,-8.703769e+001
2.701639e+007,-8.998340e+001,-8.803739e+001
2.701646e+007,-8.988657e+001,-8.933106e+001
2.701653e+007,-9.005142e+001,-9.005142e+001
2.701659e+007,-9.052613e+001,-8.987237e+001
2.701666e+007,-9.086225e+001,-8.981407e+001
2.701673e+007,-9.157064e+001,-8.993309e+001
2.701679e+007,-9.277414e+001,-9.016986e+001
2.701686e+007,-9.250555e+001,-9.033826e+001
2.701693e+007,-9.272129e+001,-9.047935e+001
2.701699e+007,-9.302796e+001,-9.058091e+001
2.701706e+007,-9.308587e+001,-9.048926e+001
2.701713e+007,-9.267538e+001,-8.990869e+001
2.701719e+007,-9.243993e+001,-8.906462e+001
2.701726e+007,-9.285770e+001,-8.947032e+001
2.701733e+007,-9.247418e+001,-9.015730e+001
2.701739e+007,-9.286447e+001,-9.009742e+001
2.701746e+007,-9.324448e+001,-9.052610e+001
2.701753e+007,-9.375103e+001,-9.146069e+001
2.701759e+007,-9.244438e+001,-9.244438e+001
2.701766e+007,-9.199188e+001,-9.199188e+001
2.701773e+007,-9.216534e+001,-9.201217e+001
2.701779e+007,-9.293836e+001,-9.213652e+001
2.701786e+007,-9.415696e+001,-9.216282e+001
2.701793e+007,-9.366263e+001,-9.140161e+001
2.701799e+007,-9.282983e+001,-9.128723e+001
2.701806e+007,-9.272504e+001,-8.993726e+001
2.701813e+007,-9.302792e+001,-8.917970e+001
2.701819e+007,-9.370001e+001,-8.923577e+001
2.701826e+007,-9.346469e+001,-9.026421e+001
2.701833e+007,-9.303272e+001,-9.000084e+001
2.701839e+007,-9.311710e+001,-8.904298e+001
2.701846e+007,-9.364404e+001,-8.662282e+001
2.701853e+007,-9.245491e+001,-8.605489e+001
2.701859e+007,-9.222540e+001,-8.662802e+001
2.701866e+007,-9.290823e+001,-8.795020e+001
2.701873e+007,-9.381739e+001,-8.952275e+001
2.701879e+007,-9.279723e+001,-8.978310e+001
2.701886e+007,-9.252828e+001,-8.948572e+001
2.701893e+007,-9.278840e+001,-8.922026e+001
2.701899e+007,-9.353223e+001,-8.905646e+001
2.701906e+007,-9.411161e+001,-8.907265e+001
2.701913e+007,-9.346658e+001,-8.944322e+001
2.701919e+007,-9.294426e+001,-8.825170e+001
2.701926e+007,-9.270141e+001,-8.726518e+001
2.701933e+007,-9.269560e+001,-8.664633e+001
2.701939e+007,-9.287189e+001,-8.625221e+001
2.701946e+007,-9.310389e+001,-8.609238e+001
2.701953e+007,-9.318635e+001,-8.614849e+001
2.701959e+007,-9.325518e+001,-8.646147e+001
2.701966e+007,-9.363966e+001,-8.712817e+001
2.701973e+007,-9.441695e+001,-8.827727e+001
2.701979e+007,-9.450792e+001,-9.004771e+001
2.701986e+007,-9.512490e+001,-9.250117e+001
2.701993e+007,-9.499394e+001,-9.249465e+001
2.701999e+007,-9.478220e+001,-9.253200e+001
2.702006e+007,-9.501368e+001,-9.225286e+001
2.702013e+007,-9.526375e+001,-9.169387e+001
2.702019e+007,-9.522568e+001,-9.047727e+001
2.702026e+007,-9.574350e+001,-9.054185e+001
2.702033e+007,-9.457038e+001,-9.169964e+001
2.702039e+007,-9.379447e+001,-9.226985e+001
2.702046e+007,-9.367540e+001,-9.199817e+001
2.702053e+007,-9.314088e+001,-9.184949e+001
2.702059e+007,-9.313633e+001,-9.070998e+001
2.702066e+007,-9.412875e+001,-9.052395e+001
2.702073e+007,-9.515753e+001,-9.112405e+001
2.702079e+007,-9.544212e+001,-9.218161e+001
2.702086e+007,-9.483218e+001,-9.223108e+001
2.702093e+007,-9.443279e+001,-9.153778e+001
2.702099e+007,-9.435027e+001,-9.019876e+001
2.702106e+007,-9.460975e+001,-9.057182e+001
2.702113e+007,-9.521461e+001,-9.406473e+001
2.702119e+007,-9.560335e+001,-9.393261e+001
2.702126e+007,-9.553375e+001,-9.325069e+001
2.702133e+007,-9.493584e+001,-8.688792e+001
2.702139e+007,-9.377185e+001,-8.248860e+001
2.702146e+007,-9.336419e+001,-8.066464e+001
2.702153e+007,-9.368926e+001,-8.032330e+001
2.702159e+007,-9.473429e+001,-8.102084e+001
2.702166e+007,-9.573226e+001,-8.258973e+001
2.702173e+007,-9.578009e+001,-8.495870e+001
2.702179e+007,-9.569796e+001,-8.797477e+001
2.702186e+007,-9.547630e+001,-9.081635e+001
2.702193e+007,-9.505170e+001,-9.105141e+001
2.702199e+007,-9.500805e+001,-9.132304e+001
2.702206e+007,-9.487954e+001,-9.165154e+001
2.702213e+007,-9.541769e+001,-9.179294e+001
2.702219e+007,-9.545708e+001,-9.259623e+001
2.702226e+007,-9.498920e+001,-9.401266e+001
2.702233e+007,-9.477471e+001,-9.325483e+001
2.702239e+007,-9.496698e+001,-9.265522e+001
2.702246e+007,-9.545500e+001,-9.301252e+001
2.702253e+007,-9.542235e+001,-9.393893e+001
2.702259e+007,-9.536728e+001,-9.365407e+001
2.702266e+007,-9.511388e+001,-9.390749e+001
2.702273e+007,-9.514612e+001,-9.361867e+001
2.702279e+007,-9.584434e+001,-9.330654e+001
2.702286e+007,-9.615831e+001,-9.325628e+001
2.702293e+007,-9.597040e+001,-9.319022e+001
2.702299e+007,-9.538551e+001,-9.295752e+001
2.702306e+007,-9.551398e+001,-9.352090e+001
2.702313e+007,-9.611739e+001,-9.424652e+001
2.702319e+007,-9.552622e+001,-9.375945e+001
2.702326e+007,-9.525628e+001,-9.393447e+001
2.702333e+007,-9.601310e+001,-9.347241e+001
2.702339e+007,-9.584551e+001,-9.237451e+001
2.702346e+007,-9.571231e+001,-9.184739e+001
2.702353e+007,-9.537971e+001,-9.174926e+001
2.702359e+007,-9.535622e+001,-9.212882e+001
2.702366e+007,-9.558324e+001,-9.275363e+001
2.702373e+007,-9.633652e+001,-9.361746e+001
2.702379e+007,-9.597704e+001,-9.500217e+001
2.702386e+007,-9.610012e+001,-9.342203e+001
2.702393e+007,-9.580081e+001,-9.286680e+001
2.702399e+007,-9.536325e+001,-9.303877e+001
2.702406e+007,-9.557882e+001,-9.376244e+001
2.702413e+007,-9.620191e+001,-9.371120e+001
2.702419e+007,-9.665469e+001,-9.232742e+001
2.702426e+007,-9.708944e+001,-9.176521e+001
2.702433e+007,-9.684928e+001,-9.200944e+001
2.702439e+007,-9.663601e+001,-9.317875e+001
2.702446e+007,-9.625921e+001,-9.379622e+001
2.702453e+007,-9.680646e+001,-9.423668e+001
2.702459e+007,-9.684194e+001,-9.364708e+001
2.702466e+007,-9.738384e+001,-9.234172e+001
2.702473e+007,-9.726926e+001,-9.201637e+001
2.702479e+007,-9.658958e+001,-9.261798e+001
2.702486e+007,-9.652474e+001,-9.355709e+001
2.702493e+007,-9.646463e+001,-9.437923e+001
2.702499e+007,-9.573747e+001,-9.423845e+001
